<?xml version="1.0" encoding="UTF-8"?>
<configuration>
    <springProperty name="LOG_PATH" source="logging.path" defaultValue="logs" />

    <appender name="Console" class="ch.qos.logback.core.ConsoleAppender">
        <encoder>
            <pattern>%d{yyyy-MM-dd HH:mm:ss.SSS} [%thread] %-5level %logger{36} - %msg%n</pattern>
        </encoder>
    </appender>

    <appender name="File" class="ch.qos.logback.core.rolling.RollingFileAppender">
        <file>${LOG_PATH}/firstserver.log</file>
        <rollingPolicy class="ch.qos.logback.core.rolling.TimeBasedRollingPolicy">
            <fileNamePattern>${LOG_PATH}/firstserver-%d{yyyy-MM-dd}.log</fileNamePattern>
            <maxHistory>7</maxHistory>
        </rollingPolicy>
        <encoder>
            <pattern>%d{yyyy-MM-dd HH:mm:ss.SSS} [%thread] %-5level %logger{36} - %msg%n</pattern>
        </encoder>
    </appender>

    <logger name="com.infocare" level="DEBUG"/>

    <root level="INFO">
        <appender-ref ref="Console" />
        <appender-ref ref="File" />
    </root>
</configuration>